Workbook

Sheet 使用说明
B2: GamblingGame · 开发需求管理表
B3: 配套规则：AGENTS.md §9（需求准入 / 归档）、Docs/Requirements/README.md
B5: 工作表 | C5: 用途
B6: 汇总 | C6: 自动统计三张需求表的数量、完成率；不要手改公式。
B7: 策划需求 | C7: 系统/玩法/数值/文案类需求，主责：执行策划。
B8: 程序需求 | C8: 逻辑/系统/UI 逻辑/工具/测试类需求，主责：程序。
B9: 美术需求 | C9: UI 布局/prefab/图标/视觉验收类需求，主责：美术。
B10: 每日需求 | C10: 当天要做的事；每天结束逐行评判「是否完成 / 是否需要修改 / 是否需要删除」。
B12: 填写规则
B13: 1. 一条需求一行；需求文档列填需求卡路径（Docs/Requirements/<ID>_<名称>.md），验收后把归档路径写进「完成后的反馈」。
B14: 2. 状态只能从下拉选：待评估 → 已排期 → 进行中 → 待验收 → 已完成 → 已归档；取消用「已取消」。
B15: 3. 「需求完成后的反馈」在验收后填写：已验证了什么、遗留什么、归档在哪（三段以内，不要复制整篇文档）。
B16: 4. 每日需求表的「今日结果」决定「是否完成」；「是否需要修改 / 删除」是每天结束时的复盘判断。
B17: 5. 需要修改的需求：在每日表标「是」，并在需求表把状态退回「进行中」；需要删除的：标「是」并把状态改「已取消」。
B18: 6. 需求卡没过 requirement-check 的需求，不要进表（状态最多「待评估」）。
B20: 颜色图例
B21: 已完成 / 已归档
B22: 进行中
B23: 待验收
B24: 已取消
B25: 待评估 / 已排期

Sheet 汇总
B2: 需求汇总（公式自动统计，勿手改）
B4: 需求表 | C4: 需求总数 | D4: 已完成 | E4: 已归档 | F4: 进行中 | G4: 待验收 | H4: 待评估/已排期 | I4: 完成率
B5: 策划需求 | C5: =COUNTA(策划需求!A2:A500) -> 2 | D5: =COUNTIF(策划需求!D2:D500,"已完成") -> 1 | E5: =COUNTIF(策划需求!D2:D500,"已归档") -> 0 | F5: =COUNTIF(策划需求!D2:D500,"进行中") -> 0 | G5: =COUNTIF(策划需求!D2:D500,"待验收") -> 0 | H5: =COUNTIF(策划需求!D2:D500,"待评估")+COUNTIF(策划需求!D2:D500,"已排期") -> 1 | I5: =IF(C5=0,"-",(D5+E5)/C5) -> 0.5
B6: 程序需求 | C6: =COUNTA(程序需求!A2:A500) -> 2 | D6: =COUNTIF(程序需求!D2:D500,"已完成") -> 1 | E6: =COUNTIF(程序需求!D2:D500,"已归档") -> 0 | F6: =COUNTIF(程序需求!D2:D500,"进行中") -> 0 | G6: =COUNTIF(程序需求!D2:D500,"待验收") -> 0 | H6: =COUNTIF(程序需求!D2:D500,"待评估")+COUNTIF(程序需求!D2:D500,"已排期") -> 1 | I6: =IF(C6=0,"-",(D6+E6)/C6) -> 0.5
B7: 美术需求 | C7: =COUNTA(美术需求!A2:A500) -> 2 | D7: =COUNTIF(美术需求!D2:D500,"已完成") -> 1 | E7: =COUNTIF(美术需求!D2:D500,"已归档") -> 0 | F7: =COUNTIF(美术需求!D2:D500,"进行中") -> 0 | G7: =COUNTIF(美术需求!D2:D500,"待验收") -> 0 | H7: =COUNTIF(美术需求!D2:D500,"待评估")+COUNTIF(美术需求!D2:D500,"已排期") -> 1 | I7: =IF(C7=0,"-",(D7+E7)/C7) -> 0.5
B9: 合计 | C9: =SUM(C5:C7) -> 6 | D9: =SUM(D5:D7) -> 3 | E9: =SUM(E5:E7) -> 0 | F9: =SUM(F5:F7) -> 0 | G9: =SUM(G5:G7) -> 0 | H9: =SUM(H5:H7) -> 3 | I9: =IF(C9=0,"-",(D9+E9)/C9) -> 0.5
B11: 每日复盘提示
B12: 每天收尾：在「每日需求」逐行选今日结果（完成/部分完成/未完成/阻塞），再判断是否需要修改、是否需要删除。
B13: 需要修改：需求表状态退回「进行中」，并写清改什么；需要删除：状态改「已取消」，备注写原因。
B14: 完成后：需求表状态改「已完成」，在「需求完成后的反馈」写验证结论 + 归档路径。

Sheet 策划需求
A1: 需求 ID | B1: 需求名称 | C1: 需求负责人 | D1: 需求状态 | E1: 优先级 | F1: 需求文档（卡片） | G1: 需求完成后的反馈 | H1: 创建日期 | I1: 完成日期 | J1: 备注
A2: SYS-001-D | B2: 彩蛋保底 · 数值配置 | C2: 执行策划 | D2: 已完成 | E2: P1 | F2: Docs/Requirements/SYS-001_彩蛋保底.md | G2: 新建 EasterEggConfig（N=4）；彩蛋卡 ChanceWeight 25→0；轮盘第 21 格改小王（彩蛋卡 2→1，保持 24 格）。归档：Archive/SYS-001_彩蛋保底.md | H2: 2026-10-20 | I2: 2026-10-20
A3: SYS-002-D | B3: 商店刷新 · 数值与资产 | C3: 执行策划 | D3: 待评估 | E3: P2 | F3: Docs/Requirements/SYS-002_商店刷新.md | H3: 2026-10-20 | J3: 卡片仍是 Draft，未排期

Sheet 程序需求
A1: 需求 ID | B1: 需求名称 | C1: 需求负责人 | D1: 需求状态 | E1: 优先级 | F1: 需求文档（卡片） | G1: 需求完成后的反馈 | H1: 创建日期 | I1: 完成日期 | J1: 备注
A2: SYS-001-T | B2: 彩蛋保底 · 充能逻辑与事件 | C2: 程序 | D2: 已完成 | E2: P1 | F2: Docs/Requirements/SYS-001_彩蛋保底.md | G2: EasterEggChargeRule + Global 三状态 + 两个 struct 事件 + 满格强制落点 + 0 权重跳过；单测 11 例，全量 33/33。归档：Archive/SYS-001_彩蛋保底.md | H2: 2026-10-20 | I2: 2026-10-20
A3: SYS-002-T | B3: 商店刷新 · 逻辑实现 | C3: 程序 | D3: 待评估 | E3: P2 | F3: Docs/Requirements/SYS-002_商店刷新.md | H3: 2026-10-20 | J3: 依赖 SYS-002-D 数值先定

Sheet 美术需求
A1: 需求 ID | B1: 需求名称 | C1: 需求负责人 | D1: 需求状态 | E1: 优先级 | F1: 需求文档（卡片） | G1: 需求完成后的反馈 | H1: 创建日期 | I1: 完成日期 | J1: 备注
A2: SYS-001-A | B2: 彩蛋保底 · 充能进度条 | C2: 美术 | D2: 已完成 | E2: P1 | F2: Docs/Requirements/SYS-001_彩蛋保底.md | G2: 竖向条 60×560（右侧、Vertical/Bottom 填充）+ 7 段刻线；不遮挡 HUD；AB 已重建。截图：egg_charge_0pct/60pct.png | H2: 2026-10-20 | I2: 2026-10-20 | J2: 首版做成横向，已返工
A3: SYS-002-A | B3: 商店刷新 · 刷新按钮与次数 UI | C3: 美术 | D3: 待评估 | E3: P2 | F3: Docs/Requirements/SYS-002_商店刷新.md | H3: 2026-10-20 | J3: 等需求卡 Approved

Sheet 每日需求
A1: 日期 | B1: 需求 ID | C1: 需求名称 | D1: 负责人 | E1: 今日目标 / 内容 | F1: 今日结果 | G1: 是否完成 | H1: 是否需要修改 | I1: 是否需要删除 | J1: 明日跟进 | K1: 备注
A2: 46315 | B2: SYS-001-T | C2: 彩蛋保底 · 充能逻辑 | D2: 程序 | E2: 实现充能/事件/强制落点 + 测试 | F2: 完成 | G2: 是 | H2: 否 | I2: 否 | J2: 无 | K2: 33/33 测试通过
A3: 46315 | B3: SYS-001-D | C3: 彩蛋保底 · 数值配置 | D3: 执行策划 | E3: config + 权重归零 + 轮盘去重 | F3: 完成 | G3: 是 | H3: 否 | I3: 否 | J3: 无 | K3: 发现 2 张彩蛋卡，改原位替换
A4: 46315 | B4: SYS-001-A | C4: 彩蛋保底 · 进度条 | D4: 美术 | E4: 竖向进度条 + AB + 截图 | F4: 完成 | G4: 是 | H4: 否 | I4: 否 | J4: 无 | K4: 首版横向，返工一次
A5: 46315 | B5: SYS-001 | C5: 彩蛋保底 · 验收与归档 | D5: Lead | E5: 编译/测试/lint/接线/归档 | F5: 完成 | G5: 是 | H5: 否 | I5: 否 | J5: 无 | K5: 归档 Archive/SYS-001_彩蛋保底.md
G6: =IF($F6="完成","是",IF($F6="","","否"))
G7: =IF($F7="完成","是",IF($F7="","","否"))
G8: =IF($F8="完成","是",IF($F8="","","否"))
G9: =IF($F9="完成","是",IF($F9="","","否"))
G10: =IF($F10="完成","是",IF($F10="","","否"))
G11: =IF($F11="完成","是",IF($F11="","","否"))
G12: =IF($F12="完成","是",IF($F12="","","否"))
G13: =IF($F13="完成","是",IF($F13="","","否"))
G14: =IF($F14="完成","是",IF($F14="","","否"))
G15: =IF($F15="完成","是",IF($F15="","","否"))
G16: =IF($F16="完成","是",IF($F16="","","否"))
G17: =IF($F17="完成","是",IF($F17="","","否"))
... G40: =IF($F40="完成","是",IF($F40="","","否"))
